{
  "appKey": "21715143",
  "version": "2.1.12",
  "pages": [
    {
      "default": true,
      "url": "qap:///index/index.js"
    },
    {
      "url": "qap:///home/index.js"
    },
    {
      "url": "qap:///plan/index.js"
    },
    {
      "url": "qap:///discover/index.js"
    },
    {
      "url": "qap:///payment/index.js"
    },
    {
      "url": "qap:///itemFilter/index.js"
    },
    {
      "url": "qap:///keywordPrice/index.js"
    },
    {
      "url": "qap:///planEdit/index.js"
    },
    {
      "url": "qap:///guide/index.js"
    },
    {
      "url": "qap:///manage/index.js"
    },
    {
      "url": "qap:///planDiscountEdit/index.js"
    },
    {
      "url": "qap:///planDetail/index.js"
    },
    {
      "url": "qap:///planNameEdit/index.js"
    },
    {
      "url": "qap:///planPlateformEdit/index.js"
    },
    {
      "url": "qap:///multiDataFrame/index.js"
    },
    {
      "url": "qap:///unitDefaultPrice/index.js"
    },
    {
      "url": "qap:///unitDetail/index.js"
    },
    {
      "url": "qap:///unitMobilePricePercent/index.js"
    },
    {
      "url": "qap:///agreement/index.js"
    },
    {
      "url": "qap:///chartLandScape/index.js"
    },
    {
      "url": "qap:///keywordList/index.js"
    },
    {
      "url": "qap:///keywordSuitMethod/index.js"
    }

  ],
  "iconfonts": [
    {
      "localpath": "font_8llsxwl99s7wg66r.ttf",
      "url": "https://at.alicdn.com/t/font_8llsxwl99s7wg66r.ttf"
    }
  ],
  "WebRootPath": "http://path/to/callback/url",
  "min_qn_android": "6.0.0",
  "min_qn_ios": "6.0.0",
  "jssdk": "1.0.19"
}